ID1,ID2,AMI
5.0,6.0,-0.022624456807329874
5.0,7.0,-0.017993873818830188
5.0,8.0,-0.01707484114687144
5.0,9.0,-0.017993873818830188
5.0,10.0,-0.017993873818830188
5.0,11.0,-0.007956776144856629
5.0,12.0,-0.014217239420444472
5.0,13.0,-0.01789581574847659
5.0,14.0,-0.017993873818830188
5.0,15.0,-0.0004261440930676419
5.0,16.0,-0.01707484114687144
5.0,17.0,-0.02094438867399542
5.0,18.0,-0.020944388673995427
5.0,19.0,-0.005140052067789804
5.0,20.0,0.00928970802072416
5.0,21.0,-0.020085963428622552
5.0,22.0,0.03505444758227594
5.0,23.0,-0.017993873818830188
5.0,24.0,-0.017993873818830188
5.0,25.0,-0.017993873818830188
5.0,26.0,-0.014217239420444472
5.0,27.0,0.035463131612734344
5.0,28.0,0.035463131612734344
5.0,29.0,-0.019944754617984325
5.0,30.0,-0.01707484114687144
5.0,31.0,-0.014672633333635759
5.0,32.0,-0.014217239420444472
5.0,33.0,0.05533995720797263
5.0,34.0,-0.00029552532859162205
5.0,35.0,-0.00029552532859162205
5.0,36.0,0.020983245946428267
5.0,37.0,-0.005140052067789804
5.0,38.0,0.0011145657386827578
5.0,39.0,-0.008795048030594665
6.0,7.0,-0.023130272092194194
6.0,8.0,-0.02426807470610639
6.0,9.0,-0.023130272092194194
6.0,10.0,-0.023130272092194194
6.0,11.0,-0.022630139251303305
6.0,12.0,-0.014472135452016621
6.0,13.0,-0.021235687082771723
6.0,14.0,-0.023130272092194194
6.0,15.0,-0.0032485394474301536
6.0,16.0,-0.02426807470610639
6.0,17.0,-0.019141076904150584
6.0,18.0,-0.01914107690415058
6.0,19.0,0.005018667067565336
6.0,20.0,-0.014472135452016617
6.0,21.0,-0.021113397960630508
6.0,22.0,-0.018529687992820607
6.0,23.0,-0.023130272092194194
6.0,24.0,-0.023130272092194194
6.0,25.0,-0.023130272092194194
6.0,26.0,-0.022630139251303305
6.0,27.0,-0.02426807470610639
6.0,28.0,-0.02426807470610639
6.0,29.0,-0.022630139251303305
6.0,30.0,-0.024268074706106396
6.0,31.0,-0.023173426042953298
6.0,32.0,-0.0226301392513033
6.0,33.0,-0.021113397960630508
6.0,34.0,-0.023130272092194194
6.0,35.0,-0.023130272092194194
6.0,36.0,-0.021113397960630508
6.0,37.0,-0.02262445680733008
6.0,38.0,-0.015441610353060086
6.0,39.0,0.0329689160435691
7.0,8.0,-8.866673811185777e-16
7.0,9.0,1.0
7.0,10.0,1.0
7.0,11.0,0.8530115842763766
7.0,12.0,0.8530115842763766
7.0,13.0,0.6782753531767348
7.0,14.0,0.7081328139774683
7.0,15.0,0.3216509905561327
7.0,16.0,-8.866673811185777e-16
7.0,17.0,0.03577731461892471
7.0,18.0,0.035777314618924715
7.0,19.0,0.035777314618924715
7.0,20.0,0.13583520977285282
7.0,21.0,0.38721997809525266
7.0,22.0,0.1407303989122489
7.0,23.0,1.0
7.0,24.0,1.0
7.0,25.0,1.0
7.0,26.0,0.8530115842763766
7.0,27.0,-8.866673811185777e-16
7.0,28.0,-8.866673811185777e-16
7.0,29.0,0.8530115842763766
7.0,30.0,-8.866673811185777e-16
7.0,31.0,0.6115717324489862
7.0,32.0,0.8530115842763766
7.0,33.0,0.5379340542521829
7.0,34.0,0.7081328139774683
7.0,35.0,0.7081328139774683
7.0,36.0,0.5379340542521829
7.0,37.0,0.45279642180973045
7.0,38.0,0.0016737355340165185
7.0,39.0,-0.01762400637801195
8.0,9.0,-8.866673811185777e-16
8.0,10.0,-8.866673811185777e-16
8.0,11.0,0.0034842012434593505
8.0,12.0,-0.0031523725536063626
8.0,13.0,-0.008628353625797154
8.0,14.0,-8.866673811185777e-16
8.0,15.0,-0.015222355695439964
8.0,16.0,-0.025641025641028888
8.0,17.0,-0.01707484114687198
8.0,18.0,-0.01707484114687198
8.0,19.0,-0.01707484114687198
8.0,20.0,-0.0031523725536063626
8.0,21.0,-0.0060165199883892816
8.0,22.0,-0.008628353625797154
8.0,23.0,-8.866673811185777e-16
8.0,24.0,-8.866673811185777e-16
8.0,25.0,-8.866673811185777e-16
8.0,26.0,-0.0031523725536063626
8.0,27.0,-0.025641025641028888
8.0,28.0,-0.025641025641028888
8.0,29.0,0.0034842012434593505
8.0,30.0,-0.025641025641028894
8.0,31.0,-0.011017579573295262
8.0,32.0,-0.0031523725536063626
8.0,33.0,0.00735352443025687
8.0,34.0,-8.866673811185777e-16
8.0,35.0,-8.866673811185777e-16
8.0,36.0,-0.0060165199883892816
8.0,37.0,0.03546313161273383
8.0,38.0,-0.020346448895502814
8.0,39.0,0.022014676373047156
9.0,10.0,1.0
9.0,11.0,0.8530115842763766
9.0,12.0,0.8530115842763766
9.0,13.0,0.6782753531767348
9.0,14.0,0.7081328139774683
9.0,15.0,0.3216509905561327
9.0,16.0,-8.866673811185777e-16
9.0,17.0,0.03577731461892471
9.0,18.0,0.035777314618924715
9.0,19.0,0.035777314618924715
9.0,20.0,0.13583520977285282
9.0,21.0,0.38721997809525266
9.0,22.0,0.1407303989122489
9.0,23.0,1.0
9.0,24.0,1.0
9.0,25.0,1.0
9.0,26.0,0.8530115842763766
9.0,27.0,-8.866673811185777e-16
9.0,28.0,-8.866673811185777e-16
9.0,29.0,0.8530115842763766
9.0,30.0,-8.866673811185777e-16
9.0,31.0,0.6115717324489862
9.0,32.0,0.8530115842763766
9.0,33.0,0.5379340542521829
9.0,34.0,0.7081328139774683
9.0,35.0,0.7081328139774683
9.0,36.0,0.5379340542521829
9.0,37.0,0.45279642180973045
9.0,38.0,0.0016737355340165185
9.0,39.0,-0.01762400637801195
10.0,11.0,0.8530115842763766
10.0,12.0,0.8530115842763766
10.0,13.0,0.6782753531767348
10.0,14.0,0.7081328139774683
10.0,15.0,0.3216509905561327
10.0,16.0,-8.866673811185777e-16
10.0,17.0,0.03577731461892471
10.0,18.0,0.035777314618924715
10.0,19.0,0.035777314618924715
10.0,20.0,0.13583520977285282
10.0,21.0,0.38721997809525266
10.0,22.0,0.1407303989122489
10.0,23.0,1.0
10.0,24.0,1.0
10.0,25.0,1.0
10.0,26.0,0.8530115842763766
10.0,27.0,-8.866673811185777e-16
10.0,28.0,-8.866673811185777e-16
10.0,29.0,0.8530115842763766
10.0,30.0,-8.866673811185777e-16
10.0,31.0,0.6115717324489862
10.0,32.0,0.8530115842763766
10.0,33.0,0.5379340542521829
10.0,34.0,0.7081328139774683
10.0,35.0,0.7081328139774683
10.0,36.0,0.5379340542521829
10.0,37.0,0.45279642180973045
10.0,38.0,0.0016737355340165185
10.0,39.0,-0.01762400637801195
11.0,12.0,0.7568007477967069
11.0,13.0,0.6132012516907855
11.0,14.0,0.6138142858347928
11.0,15.0,0.23860192246331485
11.0,16.0,-0.0031523725536063718
11.0,17.0,0.00928970802072411
11.0,18.0,0.00928970802072411
11.0,19.0,0.022359555402899228
11.0,20.0,0.17727158405869778
11.0,21.0,0.3355065013476551
11.0,22.0,0.10103331729492082
11.0,23.0,0.8530115842763767
11.0,24.0,0.8530115842763767
11.0,25.0,0.8530115842763767
11.0,26.0,0.7568007477967069
11.0,27.0,-0.0031523725536063718
11.0,28.0,-0.0031523725536063718
11.0,29.0,0.7076906080155002
11.0,30.0,0.0034842012434593414
11.0,31.0,0.5554399648789126
11.0,32.0,0.7568007477967069
11.0,33.0,0.6126795737119773
11.0,34.0,0.6138142858347928
11.0,35.0,0.6138142858347928
11.0,36.0,0.47497733687219235
11.0,37.0,0.49564068812970935
11.0,38.0,-0.005837197429841604
11.0,39.0,-0.013485072776618616
12.0,13.0,0.7553568256829678
12.0,14.0,0.6138142858347928
12.0,15.0,0.28565018848372675
12.0,16.0,0.0034842012434593414
12.0,17.0,0.022359555402899228
12.0,18.0,0.022359555402899228
12.0,19.0,0.0513212220007668
12.0,20.0,0.10100753328139632
12.0,21.0,0.31811139563313584
12.0,22.0,0.11204978258041713
12.0,23.0,0.8530115842763767
12.0,24.0,0.8530115842763767
12.0,25.0,0.8530115842763767
12.0,26.0,0.7076906080155002
12.0,27.0,-0.0031523725536063718
12.0,28.0,-0.0031523725536063718
12.0,29.0,0.7568007477967069
12.0,30.0,-0.0031523725536063718
12.0,31.0,0.47057762302661815
12.0,32.0,0.7076906080155001
12.0,33.0,0.47497733687219224
12.0,34.0,0.6138142858347928
12.0,35.0,0.6138142858347928
12.0,36.0,0.4473338492952986
12.0,37.0,0.41442115153226805
12.0,38.0,0.010752132337789318
12.0,39.0,-0.019528187225918852
13.0,14.0,0.47352243212073886
13.0,15.0,0.22349847354547922
13.0,16.0,0.011673654905492603
13.0,17.0,0.0011133856935783692
13.0,18.0,0.0011133856935783746
13.0,19.0,0.09008670879933743
13.0,20.0,0.04667638155544187
13.0,21.0,0.21158727048310794
13.0,22.0,0.0647337145783616
13.0,23.0,0.678275353176735
13.0,24.0,0.678275353176735
13.0,25.0,0.678275353176735
13.0,26.0,0.535951263490803
13.0,27.0,-0.008628353625797145
13.0,28.0,-0.008628353625797145
13.0,29.0,0.6132012516907857
13.0,30.0,-0.008628353625797136
13.0,31.0,0.30922286994421894
13.0,32.0,0.535951263490803
13.0,33.0,0.37205341929453933
13.0,34.0,0.47352243212073897
13.0,35.0,0.47352243212073886
13.0,36.0,0.31459466847472084
13.0,37.0,0.34800962040524336
13.0,38.0,-0.0032982779989796005
13.0,39.0,-0.018664322536037784
14.0,15.0,0.2059131250364501
14.0,16.0,-8.866673811185777e-16
14.0,17.0,-0.00029552532859164075
14.0,18.0,-0.0002955253285916381
14.0,19.0,0.09179528436180646
14.0,20.0,0.21711348358192795
14.0,21.0,0.5379340542521829
14.0,22.0,0.07586847548943566
14.0,23.0,0.7081328139774683
14.0,24.0,0.7081328139774683
14.0,25.0,0.7081328139774683
14.0,26.0,0.6138142858347927
14.0,27.0,-8.866673811185777e-16
14.0,28.0,-8.866673811185777e-16
14.0,29.0,0.6138142858347927
14.0,30.0,-8.866673811185777e-16
14.0,31.0,0.4172240309632099
14.0,32.0,0.6138142858347927
14.0,33.0,0.38721997809525266
14.0,34.0,0.5220465135652654
14.0,35.0,0.5220465135652653
14.0,36.0,0.38721997809525266
14.0,37.0,0.45279642180973045
14.0,38.0,-0.018526934513142107
14.0,39.0,-0.0014756081228838676
15.0,16.0,-0.015222355695439964
15.0,17.0,0.17608766694900357
15.0,18.0,0.17608766694900357
15.0,19.0,-0.018048452150407356
15.0,20.0,0.0031856937097704055
15.0,21.0,0.15035594187113052
15.0,22.0,0.6696341675785059
15.0,23.0,0.32165099055613267
15.0,24.0,0.32165099055613267
15.0,25.0,0.32165099055613267
15.0,26.0,0.2856501884837267
15.0,27.0,0.028270089148672736
15.0,28.0,0.028270089148672736
15.0,29.0,0.36191319379403875
15.0,30.0,-0.015222355695439964
15.0,31.0,0.35051103841368225
15.0,32.0,0.28565018848372675
15.0,33.0,0.09845587504210596
15.0,34.0,0.20591312503645004
15.0,35.0,0.20591312503645004
15.0,36.0,0.15035594187113052
15.0,37.0,-0.0004261440930676281
15.0,38.0,-0.021821009932961353
15.0,39.0,-0.015371058350974768
16.0,17.0,-0.01707484114687198
16.0,18.0,-0.01707484114687198
16.0,19.0,-0.01707484114687198
16.0,20.0,-0.0031523725536063626
16.0,21.0,-0.0060165199883892816
16.0,22.0,-0.008628353625797154
16.0,23.0,-8.866673811185777e-16
16.0,24.0,-8.866673811185777e-16
16.0,25.0,-8.866673811185777e-16
16.0,26.0,0.0034842012434593505
16.0,27.0,-0.025641025641028888
16.0,28.0,-0.025641025641028888
16.0,29.0,-0.0031523725536063626
16.0,30.0,-0.025641025641028894
16.0,31.0,0.01652636935994225
16.0,32.0,0.0034842012434593505
16.0,33.0,-0.0060165199883892816
16.0,34.0,-8.866673811185777e-16
16.0,35.0,-8.866673811185777e-16
16.0,36.0,0.00735352443025687
16.0,37.0,-0.01707484114687198
16.0,38.0,0.053640637997234536
16.0,39.0,0.022014676373047156
17.0,18.0,1.0
17.0,19.0,-0.015247056828063373
17.0,20.0,-0.014217239420444472
17.0,21.0,0.010853389570044078
17.0,22.0,0.16618882236186078
17.0,23.0,0.03577731461892473
17.0,24.0,0.03577731461892473
17.0,25.0,0.03577731461892473
17.0,26.0,0.022359555402899273
17.0,27.0,0.035463131612734344
17.0,28.0,0.035463131612734344
17.0,29.0,0.05132122200076685
17.0,30.0,-0.01707484114687144
17.0,31.0,0.0264462389284262
17.0,32.0,0.022359555402899273
17.0,33.0,-0.008533361507091676
17.0,34.0,0.03577731461892473
17.0,35.0,0.03577731461892473
17.0,36.0,0.055339957207972634
17.0,37.0,-0.015247056828063373
17.0,38.0,-0.018462552615039877
17.0,39.0,-0.020662683566193593
18.0,19.0,-0.015247056828063368
18.0,20.0,-0.014217239420444472
18.0,21.0,0.010853389570044078
18.0,22.0,0.16618882236186078
18.0,23.0,0.035777314618924735
18.0,24.0,0.035777314618924735
18.0,25.0,0.035777314618924735
18.0,26.0,0.022359555402899273
18.0,27.0,0.035463131612734344
18.0,28.0,0.035463131612734344
18.0,29.0,0.05132122200076685
18.0,30.0,-0.01707484114687145
18.0,31.0,0.02644623892842621
18.0,32.0,0.022359555402899273
18.0,33.0,-0.008533361507091667
18.0,34.0,0.035777314618924735
18.0,35.0,0.035777314618924735
18.0,36.0,0.055339957207972634
18.0,37.0,-0.015247056828063368
18.0,38.0,-0.01846255261503988
18.0,39.0,-0.020662683566193597
19.0,20.0,0.00928970802072416
19.0,21.0,0.23088496786156265
19.0,22.0,-0.017895815748476582
19.0,23.0,0.035777314618924735
19.0,24.0,0.035777314618924735
19.0,25.0,0.035777314618924735
19.0,26.0,0.05132122200076685
19.0,27.0,-0.01707484114687144
19.0,28.0,-0.01707484114687144
19.0,29.0,0.022359555402899273
19.0,30.0,-0.01707484114687145
19.0,31.0,-0.014672633333635754
19.0,32.0,0.00928970802072416
19.0,33.0,-0.013807220924159487
19.0,34.0,-0.00029552532859161934
19.0,35.0,-0.00029552532859161934
19.0,36.0,-0.020085963428622552
19.0,37.0,-0.005140052067789798
19.0,38.0,-0.01846255261503988
19.0,39.0,-0.020662683566193597
20.0,21.0,0.31811139563313595
20.0,22.0,-0.01048417897058225
20.0,23.0,0.13583520977285332
20.0,24.0,0.13583520977285332
20.0,25.0,0.13583520977285332
20.0,26.0,0.10100753328139632
20.0,27.0,0.0034842012434593596
20.0,28.0,0.0034842012434593596
20.0,29.0,0.10454109082522031
20.0,30.0,-0.0031523725536063626
20.0,31.0,0.13706519114915885
20.0,32.0,0.17231361363806505
20.0,33.0,0.2272757015938322
20.0,34.0,0.13583520977285332
20.0,35.0,0.13583520977285332
20.0,36.0,0.07155564668307984
20.0,37.0,0.14555068997782494
20.0,38.0,-0.02054609247444567
20.0,39.0,0.017257528242262093
21.0,22.0,0.08687907798989589
21.0,23.0,0.38721997809525244
21.0,24.0,0.38721997809525244
21.0,25.0,0.38721997809525255
21.0,26.0,0.44733384929529874
21.0,27.0,-0.0060165199883892816
21.0,28.0,-0.0060165199883892816
21.0,29.0,0.33550650134765525
21.0,30.0,-0.0060165199883892816
21.0,31.0,0.262203858990272
21.0,32.0,0.3181113956331361
21.0,33.0,0.19012498263377953
21.0,34.0,0.2694894532262008
21.0,35.0,0.2694894532262008
21.0,36.0,0.16955989067427452
21.0,37.0,0.21967408520953602
21.0,38.0,-0.021109771792600183
21.0,39.0,0.005558043347228673
22.0,23.0,0.14073039891224898
22.0,24.0,0.14073039891224898
22.0,25.0,0.14073039891224898
22.0,26.0,0.11204978258041723
22.0,27.0,0.011673654905492594
22.0,28.0,0.011673654905492594
22.0,29.0,0.1735939322886102
22.0,30.0,-0.008628353625797154
22.0,31.0,0.102749298252057
22.0,32.0,0.11204978258041723
22.0,33.0,0.02334165511852591
22.0,34.0,0.07586847548943577
22.0,35.0,0.07586847548943577
22.0,36.0,0.03572128395269376
22.0,37.0,-0.018368502976588045
22.0,38.0,-0.02018647638645896
22.0,39.0,-0.016604086641109125
23.0,24.0,1.0
23.0,25.0,1.0
23.0,26.0,0.8530115842763766
23.0,27.0,-8.866673811185777e-16
23.0,28.0,-8.866673811185777e-16
23.0,29.0,0.8530115842763766
23.0,30.0,-8.866673811185777e-16
23.0,31.0,0.6115717324489862
23.0,32.0,0.8530115842763766
23.0,33.0,0.5379340542521829
23.0,34.0,0.7081328139774683
23.0,35.0,0.7081328139774683
23.0,36.0,0.5379340542521829
23.0,37.0,0.45279642180973045
23.0,38.0,0.0016737355340165185
23.0,39.0,-0.01762400637801195
24.0,25.0,1.0
24.0,26.0,0.8530115842763766
24.0,27.0,-8.866673811185777e-16
24.0,28.0,-8.866673811185777e-16
24.0,29.0,0.8530115842763766
24.0,30.0,-8.866673811185777e-16
24.0,31.0,0.6115717324489862
24.0,32.0,0.8530115842763766
24.0,33.0,0.5379340542521829
24.0,34.0,0.7081328139774683
24.0,35.0,0.7081328139774683
24.0,36.0,0.5379340542521829
24.0,37.0,0.45279642180973045
24.0,38.0,0.0016737355340165185
24.0,39.0,-0.01762400637801195
25.0,26.0,0.8530115842763766
25.0,27.0,-8.866673811185777e-16
25.0,28.0,-8.866673811185777e-16
25.0,29.0,0.8530115842763766
25.0,30.0,-8.866673811185777e-16
25.0,31.0,0.6115717324489862
25.0,32.0,0.8530115842763766
25.0,33.0,0.5379340542521829
25.0,34.0,0.7081328139774683
25.0,35.0,0.7081328139774683
25.0,36.0,0.5379340542521829
25.0,37.0,0.45279642180973045
25.0,38.0,0.0016737355340165185
25.0,39.0,-0.01762400637801195
26.0,27.0,-0.0031523725536063718
26.0,28.0,-0.0031523725536063718
26.0,29.0,0.7568007477967069
26.0,30.0,-0.0031523725536063718
26.0,31.0,0.47057762302661815
26.0,32.0,0.7076906080155001
26.0,33.0,0.47497733687219224
26.0,34.0,0.6138142858347928
26.0,35.0,0.6138142858347928
26.0,36.0,0.4473338492952986
26.0,37.0,0.41442115153226805
26.0,38.0,-0.015034054469142782
26.0,39.0,-0.009407636475637455
27.0,28.0,1.0
27.0,29.0,0.0034842012434593505
27.0,30.0,-0.025641025641028894
27.0,31.0,-0.011017579573295262
27.0,32.0,-0.0031523725536063626
27.0,33.0,-0.0060165199883892816
27.0,34.0,-8.866673811185777e-16
27.0,35.0,-8.866673811185777e-16
27.0,36.0,-0.0060165199883892816
27.0,37.0,-0.01707484114687198
27.0,38.0,-0.020346448895502814
27.0,39.0,-0.01320880582383158
28.0,29.0,0.0034842012434593505
28.0,30.0,-0.025641025641028894
28.0,31.0,-0.011017579573295262
28.0,32.0,-0.0031523725536063626
28.0,33.0,-0.0060165199883892816
28.0,34.0,-8.866673811185777e-16
28.0,35.0,-8.866673811185777e-16
28.0,36.0,-0.0060165199883892816
28.0,37.0,-0.01707484114687198
28.0,38.0,-0.020346448895502814
28.0,39.0,-0.01320880582383158
29.0,30.0,-0.0031523725536063718
29.0,31.0,0.5554399648789126
29.0,32.0,0.7568007477967069
29.0,33.0,0.44733384929529857
29.0,34.0,0.6138142858347928
29.0,35.0,0.6138142858347928
29.0,36.0,0.47497733687219235
29.0,37.0,0.3153171518053356
29.0,38.0,-0.005837197429841604
29.0,39.0,-0.013485072776618616
30.0,31.0,-0.01101757957329527
30.0,32.0,-0.0031523725536063626
30.0,33.0,0.00735352443025687
30.0,34.0,-8.866673811185777e-16
30.0,35.0,-8.866673811185777e-16
30.0,36.0,-0.0060165199883892816
30.0,37.0,0.03546313161273383
30.0,38.0,-0.020346448895502814
30.0,39.0,-0.01320880582383158
31.0,32.0,0.6764115713172141
31.0,33.0,0.5058940833720942
31.0,34.0,0.6115717324489863
31.0,35.0,0.6115717324489863
31.0,36.0,0.38059345234991343
31.0,37.0,0.3188501679177521
31.0,38.0,0.005256288718543298
31.0,39.0,-0.019992230635281102
32.0,33.0,0.6791957089412758
32.0,34.0,0.8530115842763767
32.0,35.0,0.8530115842763767
32.0,36.0,0.6126795737119773
32.0,37.0,0.41442115153226805
32.0,38.0,0.010752132337789322
32.0,39.0,-0.01952818722591885
33.0,34.0,0.7564420257873864
33.0,35.0,0.7564420257873862
33.0,36.0,0.6137399765121747
33.0,37.0,0.3548791307846111
33.0,38.0,0.018710389773917074
33.0,39.0,-0.01921181734337113
34.0,35.0,1.0
34.0,36.0,0.7564420257873863
34.0,37.0,0.45279642180973045
34.0,38.0,0.0016737355340165185
34.0,39.0,-0.01762400637801195
35.0,36.0,0.7564420257873863
35.0,37.0,0.45279642180973045
35.0,38.0,0.0016737355340165185
35.0,39.0,-0.01762400637801195
36.0,37.0,0.37970105406343035
36.0,38.0,0.021557169966406463
36.0,39.0,-0.019211817343371126
37.0,38.0,-0.020364751800985022
37.0,39.0,0.07198777616584293
38.0,39.0,0.5844071162783798
