0,1,2
5.0,6.0,-0.022624456807330374
5.0,7.0,-0.017993873818829765
5.0,8.0,-0.01707484114687129
5.0,9.0,-0.017993873818829765
5.0,10.0,-0.017993873818829765
5.0,11.0,-0.007956776144856343
5.0,12.0,-0.014217239420444186
5.0,13.0,-0.017895815748476714
5.0,14.0,-0.017993873818829765
5.0,15.0,-0.00042614409306768636
5.0,16.0,-0.01707484114687129
5.0,17.0,-0.0002955253285912048
5.0,18.0,-0.020944388673995208
5.0,19.0,-0.00514005206778959
5.0,20.0,0.009289708020724447
5.0,21.0,-0.020085963428622632
5.0,22.0,0.035054447582275806
5.0,23.0,-0.017993873818829765
5.0,24.0,-0.017993873818829765
5.0,25.0,-0.017993873818829765
5.0,26.0,-0.014217239420444186
5.0,27.0,0.03546313161273448
5.0,28.0,0.03546313161273448
5.0,29.0,-0.019944754617984034
5.0,30.0,-0.01707484114687129
5.0,31.0,-0.01467263333363589
5.0,32.0,-0.014217239420444186
5.0,33.0,0.05533995720797256
5.0,34.0,-0.0002955253285912048
5.0,35.0,-0.0002955253285912048
5.0,36.0,0.020983245946428194
5.0,37.0,-0.00514005206778959
5.0,38.0,0.0011145657386825165
5.0,39.0,-0.008795048030595378
6.0,7.0,-0.02313027209219446
6.0,8.0,-0.024268074706104897
6.0,9.0,-0.02313027209219446
6.0,10.0,-0.02313027209219446
6.0,11.0,-0.022630139251303895
6.0,12.0,-0.014472135452017207
6.0,13.0,-0.021235687082771765
6.0,14.0,-0.02313027209219446
6.0,15.0,-0.003248539447430079
6.0,16.0,-0.024268074706104897
6.0,17.0,-0.02313027209219446
6.0,18.0,-0.01914107690415108
6.0,19.0,0.0050186670675648444
6.0,20.0,-0.014472135452017204
6.0,21.0,-0.021113397960630675
6.0,22.0,-0.01852968799282065
6.0,23.0,-0.02313027209219446
6.0,24.0,-0.02313027209219446
6.0,25.0,-0.02313027209219446
6.0,26.0,-0.022630139251303895
6.0,27.0,-0.024268074706104897
6.0,28.0,-0.024268074706104897
6.0,29.0,-0.02263013925130389
6.0,30.0,-0.024268074706104897
6.0,31.0,-0.02317342604295312
6.0,32.0,-0.022630139251303895
6.0,33.0,-0.021113397960630678
6.0,34.0,-0.02313027209219446
6.0,35.0,-0.02313027209219446
6.0,36.0,-0.021113397960630675
6.0,37.0,-0.022624456807330582
6.0,38.0,-0.015441610353060083
6.0,39.0,0.03296891604356925
7.0,8.0,-9.135360896373225e-16
7.0,9.0,1.0
7.0,10.0,1.0
7.0,11.0,0.8530115842763766
7.0,12.0,0.8530115842763766
7.0,13.0,0.6782753531767348
7.0,14.0,0.7081328139774682
7.0,15.0,0.32165099055613267
7.0,16.0,-9.135360896373225e-16
7.0,17.0,-0.019100164197487994
7.0,18.0,0.03577731461892512
7.0,19.0,0.03577731461892512
7.0,20.0,0.13583520977285282
7.0,21.0,0.3872199780952524
7.0,22.0,0.14073039891224878
7.0,23.0,1.0
7.0,24.0,1.0
7.0,25.0,1.0
7.0,26.0,0.8530115842763766
7.0,27.0,-9.135360896373225e-16
7.0,28.0,-9.135360896373225e-16
7.0,29.0,0.8530115842763766
7.0,30.0,-9.135360896373225e-16
7.0,31.0,0.6115717324489861
7.0,32.0,0.8530115842763766
7.0,33.0,0.5379340542521828
7.0,34.0,0.7081328139774682
7.0,35.0,0.7081328139774682
7.0,36.0,0.5379340542521828
7.0,37.0,0.45279642180973073
7.0,38.0,0.00167373553401664
7.0,39.0,-0.017624006378012064
8.0,9.0,-9.135360896373225e-16
8.0,10.0,-9.135360896373225e-16
8.0,11.0,0.0034842012434593414
8.0,12.0,-0.0031523725536063718
8.0,13.0,-0.008628353625797154
8.0,14.0,-9.135360896373225e-16
8.0,15.0,-0.01522235569544032
8.0,16.0,-0.025641025641021446
8.0,17.0,-9.135360896373225e-16
8.0,18.0,-0.017074841146871824
8.0,19.0,-0.017074841146871824
8.0,20.0,-0.0031523725536063718
8.0,21.0,-0.006016519988389726
8.0,22.0,-0.008628353625797154
8.0,23.0,-9.135360896373225e-16
8.0,24.0,-9.135360896373225e-16
8.0,25.0,-9.135360896373225e-16
8.0,26.0,-0.0031523725536063718
8.0,27.0,-0.025641025641021446
8.0,28.0,-0.025641025641021446
8.0,29.0,0.0034842012434593414
8.0,30.0,-0.025641025641021446
8.0,31.0,-0.011017579573294677
8.0,32.0,-0.0031523725536063718
8.0,33.0,0.007353524430256432
8.0,34.0,-9.135360896373225e-16
8.0,35.0,-9.135360896373225e-16
8.0,36.0,-0.006016519988389726
8.0,37.0,0.03546313161273398
8.0,38.0,-0.02034644889550205
8.0,39.0,0.022014676373048294
9.0,10.0,1.0
9.0,11.0,0.8530115842763766
9.0,12.0,0.8530115842763766
9.0,13.0,0.6782753531767348
9.0,14.0,0.7081328139774682
9.0,15.0,0.32165099055613267
9.0,16.0,-9.135360896373225e-16
9.0,17.0,-0.019100164197487994
9.0,18.0,0.03577731461892512
9.0,19.0,0.03577731461892512
9.0,20.0,0.13583520977285282
9.0,21.0,0.3872199780952524
9.0,22.0,0.14073039891224878
9.0,23.0,1.0
9.0,24.0,1.0
9.0,25.0,1.0
9.0,26.0,0.8530115842763766
9.0,27.0,-9.135360896373225e-16
9.0,28.0,-9.135360896373225e-16
9.0,29.0,0.8530115842763766
9.0,30.0,-9.135360896373225e-16
9.0,31.0,0.6115717324489861
9.0,32.0,0.8530115842763766
9.0,33.0,0.5379340542521828
9.0,34.0,0.7081328139774682
9.0,35.0,0.7081328139774682
9.0,36.0,0.5379340542521828
9.0,37.0,0.45279642180973073
9.0,38.0,0.00167373553401664
9.0,39.0,-0.017624006378012064
10.0,11.0,0.8530115842763766
10.0,12.0,0.8530115842763766
10.0,13.0,0.6782753531767348
10.0,14.0,0.7081328139774682
10.0,15.0,0.32165099055613267
10.0,16.0,-9.135360896373225e-16
10.0,17.0,-0.019100164197487994
10.0,18.0,0.03577731461892512
10.0,19.0,0.03577731461892512
10.0,20.0,0.13583520977285282
10.0,21.0,0.3872199780952524
10.0,22.0,0.14073039891224878
10.0,23.0,1.0
10.0,24.0,1.0
10.0,25.0,1.0
10.0,26.0,0.8530115842763766
10.0,27.0,-9.135360896373225e-16
10.0,28.0,-9.135360896373225e-16
10.0,29.0,0.8530115842763766
10.0,30.0,-9.135360896373225e-16
10.0,31.0,0.6115717324489861
10.0,32.0,0.8530115842763766
10.0,33.0,0.5379340542521828
10.0,34.0,0.7081328139774682
10.0,35.0,0.7081328139774682
10.0,36.0,0.5379340542521828
10.0,37.0,0.45279642180973073
10.0,38.0,0.00167373553401664
10.0,39.0,-0.017624006378012064
11.0,12.0,0.7568007477967069
11.0,13.0,0.6132012516907854
11.0,14.0,0.6138142858347928
11.0,15.0,0.2386019224633149
11.0,16.0,-0.0031523725536063718
11.0,17.0,-0.017275669916255187
11.0,18.0,0.009289708020724388
11.0,19.0,0.0223595554028995
11.0,20.0,0.1772715840586978
11.0,21.0,0.3355065013476549
11.0,22.0,0.10103331729492065
11.0,23.0,0.8530115842763767
11.0,24.0,0.8530115842763767
11.0,25.0,0.8530115842763767
11.0,26.0,0.7568007477967069
11.0,27.0,-0.0031523725536063718
11.0,28.0,-0.0031523725536063718
11.0,29.0,0.7076906080155001
11.0,30.0,0.0034842012434593414
11.0,31.0,0.5554399648789123
11.0,32.0,0.7568007477967069
11.0,33.0,0.6126795737119773
11.0,34.0,0.6138142858347928
11.0,35.0,0.6138142858347928
11.0,36.0,0.4749773368721922
11.0,37.0,0.4956406881297094
11.0,38.0,-0.005837197429841818
11.0,39.0,-0.013485072776619055
12.0,13.0,0.7553568256829678
12.0,14.0,0.6138142858347928
12.0,15.0,0.2856501884837268
12.0,16.0,0.0034842012434593414
12.0,17.0,-0.017275669916255187
12.0,18.0,0.0223595554028995
12.0,19.0,0.05132122200076707
12.0,20.0,0.10100753328139636
12.0,21.0,0.31811139563313573
12.0,22.0,0.11204978258041697
12.0,23.0,0.8530115842763767
12.0,24.0,0.8530115842763767
12.0,25.0,0.8530115842763767
12.0,26.0,0.7076906080155002
12.0,27.0,-0.0031523725536063718
12.0,28.0,-0.0031523725536063718
12.0,29.0,0.7568007477967069
12.0,30.0,-0.0031523725536063718
12.0,31.0,0.470577623026618
12.0,32.0,0.7076906080155002
12.0,33.0,0.4749773368721922
12.0,34.0,0.6138142858347928
12.0,35.0,0.6138142858347928
12.0,36.0,0.44733384929529846
12.0,37.0,0.41442115153226816
12.0,38.0,0.010752132337789108
12.0,39.0,-0.019528187225919293
13.0,14.0,0.4735224321207387
13.0,15.0,0.22349847354547914
13.0,16.0,0.011673654905492603
13.0,17.0,-0.002150941523155401
13.0,18.0,0.0011133856935782425
13.0,19.0,0.09008670879933732
13.0,20.0,0.04667638155544172
13.0,21.0,0.2115872704831078
13.0,22.0,0.06473371457836141
13.0,23.0,0.6782753531767348
13.0,24.0,0.6782753531767348
13.0,25.0,0.6782753531767348
13.0,26.0,0.535951263490803
13.0,27.0,-0.008628353625797154
13.0,28.0,-0.008628353625797154
13.0,29.0,0.6132012516907855
13.0,30.0,-0.008628353625797154
13.0,31.0,0.3092228699442188
13.0,32.0,0.535951263490803
13.0,33.0,0.37205341929453933
13.0,34.0,0.4735224321207387
13.0,35.0,0.4735224321207388
13.0,36.0,0.31459466847472073
13.0,37.0,0.34800962040524325
13.0,38.0,-0.00329827799897983
13.0,39.0,-0.018664322536038072
14.0,15.0,0.20591312503645004
14.0,16.0,-9.135360896373225e-16
14.0,17.0,-0.011736609070046238
14.0,18.0,-0.00029552532859122355
14.0,19.0,0.09179528436180684
14.0,20.0,0.21711348358192795
14.0,21.0,0.5379340542521828
14.0,22.0,0.07586847548943555
14.0,23.0,0.7081328139774682
14.0,24.0,0.7081328139774682
14.0,25.0,0.7081328139774682
14.0,26.0,0.6138142858347927
14.0,27.0,-9.135360896373225e-16
14.0,28.0,-9.135360896373225e-16
14.0,29.0,0.6138142858347927
14.0,30.0,-9.135360896373225e-16
14.0,31.0,0.41722403096320987
14.0,32.0,0.6138142858347927
14.0,33.0,0.3872199780952525
14.0,34.0,0.5220465135652652
14.0,35.0,0.5220465135652653
14.0,36.0,0.3872199780952525
14.0,37.0,0.45279642180973073
14.0,38.0,-0.018526934513141982
14.0,39.0,-0.0014756081228839801
15.0,16.0,-0.01522235569544032
15.0,17.0,0.05721707431104456
15.0,18.0,0.17608766694900355
15.0,19.0,-0.018048452150407412
15.0,20.0,0.0031856937097704315
15.0,21.0,0.15035594187113044
15.0,22.0,0.6696341675785059
15.0,23.0,0.32165099055613267
15.0,24.0,0.32165099055613267
15.0,25.0,0.32165099055613267
15.0,26.0,0.28565018848372675
15.0,27.0,0.028270089148672392
15.0,28.0,0.028270089148672392
15.0,29.0,0.36191319379403886
15.0,30.0,-0.01522235569544032
15.0,31.0,0.3505110384136821
15.0,32.0,0.28565018848372675
15.0,33.0,0.09845587504210586
15.0,34.0,0.20591312503645004
15.0,35.0,0.20591312503645004
15.0,36.0,0.15035594187113044
15.0,37.0,-0.00042614409306768083
15.0,38.0,-0.021821009932961277
15.0,39.0,-0.015371058350975044
16.0,17.0,-9.224923258102374e-16
16.0,18.0,-0.017074841146871824
16.0,19.0,-0.017074841146871824
16.0,20.0,-0.0031523725536063804
16.0,21.0,-0.006016519988389734
16.0,22.0,-0.008628353625797145
16.0,23.0,-9.224923258102374e-16
16.0,24.0,-9.224923258102374e-16
16.0,25.0,-9.224923258102374e-16
16.0,26.0,0.0034842012434593323
16.0,27.0,-0.025641025641021446
16.0,28.0,-0.025641025641021446
16.0,29.0,-0.0031523725536063804
16.0,30.0,-0.025641025641021446
16.0,31.0,0.01652636935994281
16.0,32.0,0.0034842012434593323
16.0,33.0,-0.006016519988389734
16.0,34.0,-9.224923258102374e-16
16.0,35.0,-9.224923258102374e-16
16.0,36.0,0.0073535244302564235
16.0,37.0,-0.017074841146871824
16.0,38.0,0.05364063799723525
16.0,39.0,0.022014676373048284
17.0,18.0,0.45279642180973073
17.0,19.0,0.1708952049365741
17.0,20.0,-0.017275669916255763
17.0,21.0,-0.011716056559419102
17.0,22.0,0.07586847548943555
17.0,23.0,-0.019100164197487994
17.0,24.0,-0.019100164197487994
17.0,25.0,-0.019100164197487994
17.0,26.0,-0.017275669916255766
17.0,27.0,-9.135360896373225e-16
17.0,28.0,-9.135360896373225e-16
17.0,29.0,-0.017275669916255763
17.0,30.0,-9.135360896373225e-16
17.0,31.0,-0.01164643093469662
17.0,32.0,-0.017275669916255766
17.0,33.0,-0.019182200693756046
17.0,34.0,-0.011736609070046238
17.0,35.0,-0.011736609070046238
17.0,36.0,0.010842530109458477
17.0,37.0,-0.017993873818829786
17.0,38.0,-0.018526934513141982
17.0,39.0,-0.0014756081228839801
18.0,19.0,-0.015247056828063156
18.0,20.0,-0.01421723942044418
18.0,21.0,0.010853389570044001
18.0,22.0,0.16618882236186067
18.0,23.0,0.03577731461892513
18.0,24.0,0.03577731461892513
18.0,25.0,0.03577731461892513
18.0,26.0,0.022359555402899554
18.0,27.0,0.03546313161273448
18.0,28.0,0.03546313161273448
18.0,29.0,0.05132122200076713
18.0,30.0,-0.01707484114687129
18.0,31.0,0.02644623892842608
18.0,32.0,0.022359555402899554
18.0,33.0,-0.008533361507091757
18.0,34.0,0.03577731461892513
18.0,35.0,0.03577731461892513
18.0,36.0,0.05533995720797257
18.0,37.0,-0.015247056828063156
18.0,38.0,-0.018462552615040123
18.0,39.0,-0.020662683566194315
19.0,20.0,0.009289708020724447
19.0,21.0,0.23088496786156265
19.0,22.0,-0.017895815748476714
19.0,23.0,0.03577731461892513
19.0,24.0,0.03577731461892513
19.0,25.0,0.03577731461892513
19.0,26.0,0.05132122200076712
19.0,27.0,-0.01707484114687129
19.0,28.0,-0.01707484114687129
19.0,29.0,0.02235955540289956
19.0,30.0,-0.01707484114687129
19.0,31.0,-0.01467263333363589
19.0,32.0,0.009289708020724442
19.0,33.0,-0.013807220924159577
19.0,34.0,-0.0002955253285912048
19.0,35.0,-0.0002955253285912048
19.0,36.0,-0.020085963428622632
19.0,37.0,-0.00514005206778959
19.0,38.0,-0.018462552615040123
19.0,39.0,-0.020662683566194315
20.0,21.0,0.31811139563313573
20.0,22.0,-0.01048417897058241
20.0,23.0,0.13583520977285332
20.0,24.0,0.13583520977285332
20.0,25.0,0.13583520977285332
20.0,26.0,0.10100753328139635
20.0,27.0,0.0034842012434593414
20.0,28.0,0.0034842012434593414
20.0,29.0,0.10454109082522035
20.0,30.0,-0.0031523725536063718
20.0,31.0,0.13706519114915877
20.0,32.0,0.17231361363806505
20.0,33.0,0.227275701593832
20.0,34.0,0.13583520977285332
20.0,35.0,0.13583520977285332
20.0,36.0,0.07155564668307961
20.0,37.0,0.1455506899778252
20.0,38.0,-0.0205460924744459
20.0,39.0,0.01725752824226167
21.0,22.0,0.08687907798989572
21.0,23.0,0.38721997809525227
21.0,24.0,0.3872199780952524
21.0,25.0,0.38721997809525227
21.0,26.0,0.44733384929529857
21.0,27.0,-0.006016519988389734
21.0,28.0,-0.006016519988389734
21.0,29.0,0.33550650134765503
21.0,30.0,-0.006016519988389734
21.0,31.0,0.2622038589902719
21.0,32.0,0.31811139563313584
21.0,33.0,0.19012498263377936
21.0,34.0,0.26948945322620066
21.0,35.0,0.26948945322620066
21.0,36.0,0.16955989067427435
21.0,37.0,0.21967408520953596
21.0,38.0,-0.021109771792600356
21.0,39.0,0.0055580433472284686
22.0,23.0,0.14073039891224887
22.0,24.0,0.14073039891224887
22.0,25.0,0.14073039891224887
22.0,26.0,0.1120497825804171
22.0,27.0,0.011673654905492594
22.0,28.0,0.011673654905492594
22.0,29.0,0.1735939322886101
22.0,30.0,-0.008628353625797154
22.0,31.0,0.10274929825205685
22.0,32.0,0.1120497825804171
22.0,33.0,0.023341655118525706
22.0,34.0,0.07586847548943564
22.0,35.0,0.07586847548943564
22.0,36.0,0.03572128395269356
22.0,37.0,-0.018368502976588184
22.0,38.0,-0.020186476386459186
22.0,39.0,-0.01660408664110942
23.0,24.0,1.0
23.0,25.0,1.0
23.0,26.0,0.8530115842763766
23.0,27.0,-9.135360896373225e-16
23.0,28.0,-9.135360896373225e-16
23.0,29.0,0.8530115842763766
23.0,30.0,-9.135360896373225e-16
23.0,31.0,0.6115717324489861
23.0,32.0,0.8530115842763766
23.0,33.0,0.5379340542521828
23.0,34.0,0.7081328139774682
23.0,35.0,0.7081328139774682
23.0,36.0,0.5379340542521828
23.0,37.0,0.45279642180973073
23.0,38.0,0.00167373553401664
23.0,39.0,-0.017624006378012064
24.0,25.0,1.0
24.0,26.0,0.8530115842763766
24.0,27.0,-9.135360896373225e-16
24.0,28.0,-9.135360896373225e-16
24.0,29.0,0.8530115842763766
24.0,30.0,-9.135360896373225e-16
24.0,31.0,0.611571732448986
24.0,32.0,0.8530115842763766
24.0,33.0,0.5379340542521827
24.0,34.0,0.7081328139774682
24.0,35.0,0.7081328139774682
24.0,36.0,0.5379340542521828
24.0,37.0,0.45279642180973073
24.0,38.0,0.00167373553401664
24.0,39.0,-0.017624006378012064
25.0,26.0,0.8530115842763766
25.0,27.0,-9.135360896373225e-16
25.0,28.0,-9.135360896373225e-16
25.0,29.0,0.8530115842763766
25.0,30.0,-9.135360896373225e-16
25.0,31.0,0.6115717324489861
25.0,32.0,0.8530115842763766
25.0,33.0,0.5379340542521828
25.0,34.0,0.7081328139774682
25.0,35.0,0.7081328139774682
25.0,36.0,0.5379340542521828
25.0,37.0,0.45279642180973073
25.0,38.0,0.00167373553401664
25.0,39.0,-0.017624006378012064
26.0,27.0,-0.0031523725536063718
26.0,28.0,-0.0031523725536063718
26.0,29.0,0.7568007477967069
26.0,30.0,-0.0031523725536063718
26.0,31.0,0.470577623026618
26.0,32.0,0.7076906080155002
26.0,33.0,0.4749773368721922
26.0,34.0,0.6138142858347928
26.0,35.0,0.6138142858347928
26.0,36.0,0.44733384929529846
26.0,37.0,0.41442115153226816
26.0,38.0,-0.015034054469142997
26.0,39.0,-0.009407636475637892
27.0,28.0,1.0
27.0,29.0,0.0034842012434593414
27.0,30.0,-0.025641025641021446
27.0,31.0,-0.011017579573294677
27.0,32.0,-0.0031523725536063718
27.0,33.0,-0.006016519988389726
27.0,34.0,-9.135360896373225e-16
27.0,35.0,-9.135360896373225e-16
27.0,36.0,-0.006016519988389726
27.0,37.0,-0.017074841146871824
27.0,38.0,-0.02034644889550205
27.0,39.0,-0.0132088058238304
28.0,29.0,0.0034842012434593414
28.0,30.0,-0.025641025641021446
28.0,31.0,-0.011017579573294677
28.0,32.0,-0.0031523725536063718
28.0,33.0,-0.006016519988389726
28.0,34.0,-9.135360896373225e-16
28.0,35.0,-9.135360896373225e-16
28.0,36.0,-0.006016519988389726
28.0,37.0,-0.017074841146871824
28.0,38.0,-0.02034644889550205
28.0,39.0,-0.0132088058238304
29.0,30.0,-0.0031523725536063718
29.0,31.0,0.5554399648789126
29.0,32.0,0.7568007477967069
29.0,33.0,0.44733384929529846
29.0,34.0,0.6138142858347928
29.0,35.0,0.6138142858347929
29.0,36.0,0.47497733687219207
29.0,37.0,0.31531715180533576
29.0,38.0,-0.0058371974298418285
29.0,39.0,-0.013485072776619053
30.0,31.0,-0.011017579573294677
30.0,32.0,-0.0031523725536063718
30.0,33.0,0.007353524430256432
30.0,34.0,-9.135360896373225e-16
30.0,35.0,-9.135360896373225e-16
30.0,36.0,-0.006016519988389726
30.0,37.0,0.03546313161273398
30.0,38.0,-0.02034644889550205
30.0,39.0,-0.0132088058238304
31.0,32.0,0.6764115713172142
31.0,33.0,0.5058940833720942
31.0,34.0,0.6115717324489861
31.0,35.0,0.6115717324489863
31.0,36.0,0.3805934523499133
31.0,37.0,0.318850167917752
31.0,38.0,0.005256288718543217
31.0,39.0,-0.01999223063528149
32.0,33.0,0.6791957089412758
32.0,34.0,0.8530115842763767
32.0,35.0,0.8530115842763767
32.0,36.0,0.6126795737119773
32.0,37.0,0.41442115153226816
32.0,38.0,0.010752132337789108
32.0,39.0,-0.019528187225919293
33.0,34.0,0.7564420257873862
33.0,35.0,0.7564420257873864
33.0,36.0,0.6137399765121746
33.0,37.0,0.35487913078461103
33.0,38.0,0.018710389773916907
33.0,39.0,-0.019211817343371344
34.0,35.0,1.0
34.0,36.0,0.7564420257873863
34.0,37.0,0.45279642180973073
34.0,38.0,0.00167373553401664
34.0,39.0,-0.017624006378012064
35.0,36.0,0.7564420257873863
35.0,37.0,0.45279642180973073
35.0,38.0,0.00167373553401664
35.0,39.0,-0.017624006378012064
36.0,37.0,0.37970105406343035
36.0,38.0,0.021557169966406296
36.0,39.0,-0.019211817343371337
37.0,38.0,-0.020364751800985265
37.0,39.0,0.07198777616584227
38.0,39.0,0.5844071162783796
