ID1(pos),ID2(ang),AMI
5.0,5.0,-0.008795048030594924
5.0,6.0,0.21622068140289566
5.0,7.0,-0.001475608122883988
5.0,8.0,-0.01320880582383158
5.0,9.0,-0.001475608122883988
5.0,10.0,-0.001475608122883988
5.0,11.0,-0.009407636475637396
5.0,12.0,-0.013485072776618557
5.0,13.0,-0.018664322536037448
5.0,14.0,-0.001475608122883988
5.0,15.0,-0.01990258830249413
5.0,16.0,-0.01320880582383158
5.0,17.0,0.014418729380534337
5.0,18.0,0.014418729380534337
5.0,19.0,-0.020662683566193853
5.0,20.0,-0.019528187225918793
5.0,21.0,-0.007012012400711959
5.0,22.0,-0.018664322536037448
5.0,23.0,-0.001475608122883988
5.0,24.0,-0.001475608122883988
5.0,25.0,-0.001475608122883988
5.0,26.0,0.00880062181910438
5.0,27.0,-0.01320880582383158
5.0,28.0,-0.01320880582383158
5.0,29.0,0.01725752824226215
5.0,30.0,0.022014676373047156
5.0,31.0,-0.01999223063528113
5.0,32.0,-0.013485072776618557
5.0,33.0,-0.015122763554111409
5.0,34.0,-0.001475608122883988
5.0,35.0,-0.001475608122883988
5.0,36.0,0.021641327644947906
5.0,37.0,-0.013344523250495932
5.0,38.0,-0.013476589179091641
5.0,39.0,-0.003744932017918532
6.0,5.0,-0.017993873818830206
6.0,6.0,-0.02313027209219407
6.0,7.0,1.0
6.0,8.0,-8.866673811185777e-16
6.0,9.0,1.0
6.0,10.0,1.0
6.0,11.0,0.8530115842763766
6.0,12.0,0.8530115842763766
6.0,13.0,0.6782753531767348
6.0,14.0,0.7081328139774683
6.0,15.0,0.3216509905561327
6.0,16.0,-8.866673811185777e-16
6.0,17.0,0.03577731461892471
6.0,18.0,0.03577731461892471
6.0,19.0,0.03577731461892471
6.0,20.0,0.13583520977285282
6.0,21.0,0.38721997809525266
6.0,22.0,0.1407303989122489
6.0,23.0,1.0
6.0,24.0,1.0
6.0,25.0,1.0
6.0,26.0,0.8530115842763766
6.0,27.0,-8.866673811185777e-16
6.0,28.0,-8.866673811185777e-16
6.0,29.0,0.8530115842763766
6.0,30.0,-8.866673811185777e-16
6.0,31.0,0.6115717324489862
6.0,32.0,0.8530115842763766
6.0,33.0,0.5379340542521829
6.0,34.0,0.7081328139774683
6.0,35.0,0.7081328139774683
6.0,36.0,0.5379340542521829
6.0,37.0,0.45279642180973045
6.0,38.0,0.0016737355340165185
6.0,39.0,-0.017624006378011963
7.0,5.0,-0.017993873818830206
7.0,6.0,-0.02313027209219407
7.0,7.0,1.0
7.0,8.0,-8.866673811185777e-16
7.0,9.0,1.0
7.0,10.0,1.0
7.0,11.0,0.8530115842763766
7.0,12.0,0.8530115842763766
7.0,13.0,0.6782753531767348
7.0,14.0,0.7081328139774683
7.0,15.0,0.3216509905561327
7.0,16.0,-8.866673811185777e-16
7.0,17.0,0.03577731461892471
7.0,18.0,0.03577731461892471
7.0,19.0,0.03577731461892471
7.0,20.0,0.13583520977285282
7.0,21.0,0.38721997809525266
7.0,22.0,0.1407303989122489
7.0,23.0,1.0
7.0,24.0,1.0
7.0,25.0,1.0
7.0,26.0,0.8530115842763766
7.0,27.0,-8.866673811185777e-16
7.0,28.0,-8.866673811185777e-16
7.0,29.0,0.8530115842763766
7.0,30.0,-8.866673811185777e-16
7.0,31.0,0.6115717324489862
7.0,32.0,0.8530115842763766
7.0,33.0,0.5379340542521829
7.0,34.0,0.7081328139774683
7.0,35.0,0.7081328139774683
7.0,36.0,0.5379340542521829
7.0,37.0,0.45279642180973045
7.0,38.0,0.0016737355340165185
7.0,39.0,-0.017624006378011963
8.0,5.0,-0.017993873818830206
8.0,6.0,-0.02313027209219407
8.0,7.0,1.0
8.0,8.0,-8.866673811185777e-16
8.0,9.0,1.0
8.0,10.0,1.0
8.0,11.0,0.8530115842763766
8.0,12.0,0.8530115842763766
8.0,13.0,0.6782753531767348
8.0,14.0,0.7081328139774683
8.0,15.0,0.3216509905561327
8.0,16.0,-8.866673811185777e-16
8.0,17.0,0.03577731461892471
8.0,18.0,0.03577731461892471
8.0,19.0,0.03577731461892471
8.0,20.0,0.13583520977285282
8.0,21.0,0.38721997809525266
8.0,22.0,0.1407303989122489
8.0,23.0,1.0
8.0,24.0,1.0
8.0,25.0,1.0
8.0,26.0,0.8530115842763766
8.0,27.0,-8.866673811185777e-16
8.0,28.0,-8.866673811185777e-16
8.0,29.0,0.8530115842763766
8.0,30.0,-8.866673811185777e-16
8.0,31.0,0.6115717324489862
8.0,32.0,0.8530115842763766
8.0,33.0,0.5379340542521829
8.0,34.0,0.7081328139774683
8.0,35.0,0.7081328139774683
8.0,36.0,0.5379340542521829
8.0,37.0,0.45279642180973045
8.0,38.0,0.0016737355340165185
8.0,39.0,-0.017624006378011963
9.0,5.0,-0.017993873818830206
9.0,6.0,-0.02313027209219407
9.0,7.0,1.0
9.0,8.0,-8.866673811185777e-16
9.0,9.0,1.0
9.0,10.0,1.0
9.0,11.0,0.8530115842763766
9.0,12.0,0.8530115842763766
9.0,13.0,0.6782753531767348
9.0,14.0,0.7081328139774683
9.0,15.0,0.3216509905561327
9.0,16.0,-8.866673811185777e-16
9.0,17.0,0.03577731461892471
9.0,18.0,0.03577731461892471
9.0,19.0,0.03577731461892471
9.0,20.0,0.13583520977285282
9.0,21.0,0.38721997809525266
9.0,22.0,0.1407303989122489
9.0,23.0,1.0
9.0,24.0,1.0
9.0,25.0,1.0
9.0,26.0,0.8530115842763766
9.0,27.0,-8.866673811185777e-16
9.0,28.0,-8.866673811185777e-16
9.0,29.0,0.8530115842763766
9.0,30.0,-8.866673811185777e-16
9.0,31.0,0.6115717324489862
9.0,32.0,0.8530115842763766
9.0,33.0,0.5379340542521829
9.0,34.0,0.7081328139774683
9.0,35.0,0.7081328139774683
9.0,36.0,0.5379340542521829
9.0,37.0,0.45279642180973045
9.0,38.0,0.0016737355340165185
9.0,39.0,-0.017624006378011963
10.0,5.0,-0.017993873818830206
10.0,6.0,-0.02313027209219407
10.0,7.0,1.0
10.0,8.0,-8.866673811185777e-16
10.0,9.0,1.0
10.0,10.0,1.0
10.0,11.0,0.8530115842763766
10.0,12.0,0.8530115842763766
10.0,13.0,0.6782753531767348
10.0,14.0,0.7081328139774683
10.0,15.0,0.3216509905561327
10.0,16.0,-8.866673811185777e-16
10.0,17.0,0.03577731461892471
10.0,18.0,0.03577731461892471
10.0,19.0,0.03577731461892471
10.0,20.0,0.13583520977285282
10.0,21.0,0.38721997809525266
10.0,22.0,0.1407303989122489
10.0,23.0,1.0
10.0,24.0,1.0
10.0,25.0,1.0
10.0,26.0,0.8530115842763766
10.0,27.0,-8.866673811185777e-16
10.0,28.0,-8.866673811185777e-16
10.0,29.0,0.8530115842763766
10.0,30.0,-8.866673811185777e-16
10.0,31.0,0.6115717324489862
10.0,32.0,0.8530115842763766
10.0,33.0,0.5379340542521829
10.0,34.0,0.7081328139774683
10.0,35.0,0.7081328139774683
10.0,36.0,0.5379340542521829
10.0,37.0,0.45279642180973045
10.0,38.0,0.0016737355340165185
10.0,39.0,-0.017624006378011963
11.0,5.0,-0.017993873818830206
11.0,6.0,-0.02313027209219407
11.0,7.0,1.0
11.0,8.0,-8.866673811185777e-16
11.0,9.0,1.0
11.0,10.0,1.0
11.0,11.0,0.8530115842763766
11.0,12.0,0.8530115842763766
11.0,13.0,0.6782753531767348
11.0,14.0,0.7081328139774683
11.0,15.0,0.3216509905561327
11.0,16.0,-8.866673811185777e-16
11.0,17.0,0.03577731461892471
11.0,18.0,0.03577731461892471
11.0,19.0,0.03577731461892471
11.0,20.0,0.13583520977285282
11.0,21.0,0.38721997809525266
11.0,22.0,0.1407303989122489
11.0,23.0,1.0
11.0,24.0,1.0
11.0,25.0,1.0
11.0,26.0,0.8530115842763766
11.0,27.0,-8.866673811185777e-16
11.0,28.0,-8.866673811185777e-16
11.0,29.0,0.8530115842763766
11.0,30.0,-8.866673811185777e-16
11.0,31.0,0.6115717324489862
11.0,32.0,0.8530115842763766
11.0,33.0,0.5379340542521829
11.0,34.0,0.7081328139774683
11.0,35.0,0.7081328139774683
11.0,36.0,0.5379340542521829
11.0,37.0,0.45279642180973045
11.0,38.0,0.0016737355340165185
11.0,39.0,-0.017624006378011963
12.0,5.0,-0.017993873818830206
12.0,6.0,-0.02313027209219407
12.0,7.0,1.0
12.0,8.0,-8.866673811185777e-16
12.0,9.0,1.0
12.0,10.0,1.0
12.0,11.0,0.8530115842763766
12.0,12.0,0.8530115842763766
12.0,13.0,0.6782753531767348
12.0,14.0,0.7081328139774683
12.0,15.0,0.3216509905561327
12.0,16.0,-8.866673811185777e-16
12.0,17.0,0.03577731461892471
12.0,18.0,0.03577731461892471
12.0,19.0,0.03577731461892471
12.0,20.0,0.13583520977285282
12.0,21.0,0.38721997809525266
12.0,22.0,0.1407303989122489
12.0,23.0,1.0
12.0,24.0,1.0
12.0,25.0,1.0
12.0,26.0,0.8530115842763766
12.0,27.0,-8.866673811185777e-16
12.0,28.0,-8.866673811185777e-16
12.0,29.0,0.8530115842763766
12.0,30.0,-8.866673811185777e-16
12.0,31.0,0.6115717324489862
12.0,32.0,0.8530115842763766
12.0,33.0,0.5379340542521829
12.0,34.0,0.7081328139774683
12.0,35.0,0.7081328139774683
12.0,36.0,0.5379340542521829
12.0,37.0,0.45279642180973045
12.0,38.0,0.0016737355340165185
12.0,39.0,-0.017624006378011963
13.0,5.0,-0.017993873818830206
13.0,6.0,-0.02313027209219407
13.0,7.0,1.0
13.0,8.0,-8.866673811185777e-16
13.0,9.0,1.0
13.0,10.0,1.0
13.0,11.0,0.8530115842763766
13.0,12.0,0.8530115842763766
13.0,13.0,0.6782753531767348
13.0,14.0,0.7081328139774683
13.0,15.0,0.3216509905561327
13.0,16.0,-8.866673811185777e-16
13.0,17.0,0.03577731461892471
13.0,18.0,0.03577731461892471
13.0,19.0,0.03577731461892471
13.0,20.0,0.13583520977285282
13.0,21.0,0.38721997809525266
13.0,22.0,0.1407303989122489
13.0,23.0,1.0
13.0,24.0,1.0
13.0,25.0,1.0
13.0,26.0,0.8530115842763766
13.0,27.0,-8.866673811185777e-16
13.0,28.0,-8.866673811185777e-16
13.0,29.0,0.8530115842763766
13.0,30.0,-8.866673811185777e-16
13.0,31.0,0.6115717324489862
13.0,32.0,0.8530115842763766
13.0,33.0,0.5379340542521829
13.0,34.0,0.7081328139774683
13.0,35.0,0.7081328139774683
13.0,36.0,0.5379340542521829
13.0,37.0,0.45279642180973045
13.0,38.0,0.0016737355340165185
13.0,39.0,-0.017624006378011963
14.0,5.0,-0.017993873818830206
14.0,6.0,-0.02313027209219407
14.0,7.0,1.0
14.0,8.0,-8.866673811185777e-16
14.0,9.0,1.0
14.0,10.0,1.0
14.0,11.0,0.8530115842763766
14.0,12.0,0.8530115842763766
14.0,13.0,0.6782753531767348
14.0,14.0,0.7081328139774683
14.0,15.0,0.3216509905561327
14.0,16.0,-8.866673811185777e-16
14.0,17.0,0.03577731461892471
14.0,18.0,0.03577731461892471
14.0,19.0,0.03577731461892471
14.0,20.0,0.13583520977285282
14.0,21.0,0.38721997809525266
14.0,22.0,0.1407303989122489
14.0,23.0,1.0
14.0,24.0,1.0
14.0,25.0,1.0
14.0,26.0,0.8530115842763766
14.0,27.0,-8.866673811185777e-16
14.0,28.0,-8.866673811185777e-16
14.0,29.0,0.8530115842763766
14.0,30.0,-8.866673811185777e-16
14.0,31.0,0.6115717324489862
14.0,32.0,0.8530115842763766
14.0,33.0,0.5379340542521829
14.0,34.0,0.7081328139774683
14.0,35.0,0.7081328139774683
14.0,36.0,0.5379340542521829
14.0,37.0,0.45279642180973045
14.0,38.0,0.0016737355340165185
14.0,39.0,-0.017624006378011963
15.0,5.0,-0.017993873818830206
15.0,6.0,-0.02313027209219407
15.0,7.0,1.0
15.0,8.0,-8.866673811185777e-16
15.0,9.0,1.0
15.0,10.0,1.0
15.0,11.0,0.8530115842763766
15.0,12.0,0.8530115842763766
15.0,13.0,0.6782753531767348
15.0,14.0,0.7081328139774683
15.0,15.0,0.3216509905561327
15.0,16.0,-8.866673811185777e-16
15.0,17.0,0.03577731461892471
15.0,18.0,0.03577731461892471
15.0,19.0,0.03577731461892471
15.0,20.0,0.13583520977285282
15.0,21.0,0.38721997809525266
15.0,22.0,0.1407303989122489
15.0,23.0,1.0
15.0,24.0,1.0
15.0,25.0,1.0
15.0,26.0,0.8530115842763766
15.0,27.0,-8.866673811185777e-16
15.0,28.0,-8.866673811185777e-16
15.0,29.0,0.8530115842763766
15.0,30.0,-8.866673811185777e-16
15.0,31.0,0.6115717324489862
15.0,32.0,0.8530115842763766
15.0,33.0,0.5379340542521829
15.0,34.0,0.7081328139774683
15.0,35.0,0.7081328139774683
15.0,36.0,0.5379340542521829
15.0,37.0,0.45279642180973045
15.0,38.0,0.0016737355340165185
15.0,39.0,-0.017624006378011963
16.0,5.0,-0.017993873818830206
16.0,6.0,-0.02313027209219407
16.0,7.0,1.0
16.0,8.0,-8.866673811185777e-16
16.0,9.0,1.0
16.0,10.0,1.0
16.0,11.0,0.8530115842763766
16.0,12.0,0.8530115842763766
16.0,13.0,0.6782753531767348
16.0,14.0,0.7081328139774683
16.0,15.0,0.3216509905561327
16.0,16.0,-8.866673811185777e-16
16.0,17.0,0.03577731461892471
16.0,18.0,0.03577731461892471
16.0,19.0,0.03577731461892471
16.0,20.0,0.13583520977285282
16.0,21.0,0.38721997809525266
16.0,22.0,0.1407303989122489
16.0,23.0,1.0
16.0,24.0,1.0
16.0,25.0,1.0
16.0,26.0,0.8530115842763766
16.0,27.0,-8.866673811185777e-16
16.0,28.0,-8.866673811185777e-16
16.0,29.0,0.8530115842763766
16.0,30.0,-8.866673811185777e-16
16.0,31.0,0.6115717324489862
16.0,32.0,0.8530115842763766
16.0,33.0,0.5379340542521829
16.0,34.0,0.7081328139774683
16.0,35.0,0.7081328139774683
16.0,36.0,0.5379340542521829
16.0,37.0,0.45279642180973045
16.0,38.0,0.0016737355340165185
16.0,39.0,-0.017624006378011963
17.0,5.0,-0.0002955253285916381
17.0,6.0,-0.02313027209219407
17.0,7.0,-0.019100164197487012
17.0,8.0,-8.866673811185777e-16
17.0,9.0,-0.019100164197487012
17.0,10.0,-0.019100164197487012
17.0,11.0,-0.017275669916255773
17.0,12.0,-0.017275669916255773
17.0,13.0,-0.00215094152315538
17.0,14.0,-0.01173660907004591
17.0,15.0,0.057217074311044606
17.0,16.0,-8.866673811185777e-16
17.0,17.0,0.45279642180973045
17.0,18.0,0.45279642180973045
17.0,19.0,0.17089520493657376
17.0,20.0,-0.017275669916255773
17.0,21.0,-0.0117160565594189
17.0,22.0,0.07586847548943566
17.0,23.0,-0.019100164197487012
17.0,24.0,-0.019100164197487012
17.0,25.0,-0.019100164197487012
17.0,26.0,-0.017275669916255773
17.0,27.0,-8.866673811185777e-16
17.0,28.0,-8.866673811185777e-16
17.0,29.0,-0.017275669916255773
17.0,30.0,-8.866673811185777e-16
17.0,31.0,-0.011646430934696469
17.0,32.0,-0.017275669916255773
17.0,33.0,-0.019182200693755508
17.0,34.0,-0.01173660907004591
17.0,35.0,-0.01173660907004591
17.0,36.0,0.010842530109458674
17.0,37.0,-0.01799387381883021
17.0,38.0,-0.018526934513142107
17.0,39.0,-0.0014756081228838806
18.0,5.0,-0.005140052067789798
18.0,6.0,0.0050186670675655305
18.0,7.0,0.035777314618924735
18.0,8.0,-0.01707484114687144
18.0,9.0,0.035777314618924735
18.0,10.0,0.035777314618924735
18.0,11.0,0.022359555402899273
18.0,12.0,0.05132122200076685
18.0,13.0,0.0900867087993375
18.0,14.0,0.09179528436180648
18.0,15.0,-0.018048452150407363
18.0,16.0,-0.01707484114687144
18.0,17.0,-0.015247056828063373
18.0,18.0,-0.015247056828063373
18.0,19.0,1.0
18.0,20.0,0.00928970802072416
18.0,21.0,0.2308849678615627
18.0,22.0,-0.017895815748476582
18.0,23.0,0.035777314618924735
18.0,24.0,0.035777314618924735
18.0,25.0,0.035777314618924735
18.0,26.0,0.05132122200076685
18.0,27.0,-0.01707484114687144
18.0,28.0,-0.01707484114687144
18.0,29.0,0.022359555402899273
18.0,30.0,-0.01707484114687144
18.0,31.0,-0.014672633333635754
18.0,32.0,0.00928970802072416
18.0,33.0,-0.013807220924159487
18.0,34.0,-0.00029552532859161934
18.0,35.0,-0.00029552532859161934
18.0,36.0,-0.020085963428622552
18.0,37.0,-0.005140052067789804
18.0,38.0,-0.01846255261503988
18.0,39.0,-0.0206626835661936
19.0,5.0,-0.018368502976588045
19.0,6.0,-0.018529687992820666
19.0,7.0,0.47352243212073886
19.0,8.0,-0.008628353625797154
19.0,9.0,0.47352243212073886
19.0,10.0,0.47352243212073886
19.0,11.0,0.4195852101765282
19.0,12.0,0.38475868258133583
19.0,13.0,0.25608811798868614
19.0,14.0,0.47352243212073886
19.0,15.0,0.22349847354547922
19.0,16.0,-0.008628353625797154
19.0,17.0,0.040045837210735874
19.0,18.0,0.040045837210735874
19.0,19.0,0.16618882236186072
19.0,20.0,0.2667808969939179
19.0,21.0,0.8516418729935463
19.0,22.0,0.12845533797466488
19.0,23.0,0.47352243212073886
19.0,24.0,0.47352243212073886
19.0,25.0,0.47352243212073886
19.0,26.0,0.535951263490803
19.0,27.0,-0.008628353625797154
19.0,28.0,-0.008628353625797154
19.0,29.0,0.4195852101765282
19.0,30.0,-0.008628353625797154
19.0,31.0,0.309222869944219
19.0,32.0,0.38475868258133583
19.0,33.0,0.24977432186188425
19.0,34.0,0.3337873879838492
19.0,35.0,0.3337873879838492
19.0,36.0,0.21158727048310794
19.0,37.0,0.1933793638055878
19.0,38.0,-0.02018647638645896
19.0,39.0,-0.003973846002649938
20.0,5.0,-0.01836850297658805
20.0,6.0,-0.018529687992820662
20.0,7.0,0.47352243212073886
20.0,8.0,-0.008628353625797145
20.0,9.0,0.47352243212073897
20.0,10.0,0.47352243212073897
20.0,11.0,0.4195852101765283
20.0,12.0,0.3847586825813359
20.0,13.0,0.2560881179886861
20.0,14.0,0.47352243212073886
20.0,15.0,0.22349847354547922
20.0,16.0,-0.008628353625797145
20.0,17.0,0.04004583721073587
20.0,18.0,0.04004583721073587
20.0,19.0,0.16618882236186072
20.0,20.0,0.2667808969939179
20.0,21.0,0.8516418729935463
20.0,22.0,0.12845533797466488
20.0,23.0,0.47352243212073897
20.0,24.0,0.47352243212073886
20.0,25.0,0.47352243212073897
20.0,26.0,0.535951263490803
20.0,27.0,-0.008628353625797145
20.0,28.0,-0.008628353625797145
20.0,29.0,0.4195852101765283
20.0,30.0,-0.008628353625797145
20.0,31.0,0.30922286994421894
20.0,32.0,0.3847586825813359
20.0,33.0,0.24977432186188425
20.0,34.0,0.3337873879838492
20.0,35.0,0.3337873879838492
20.0,36.0,0.21158727048310794
20.0,37.0,0.1933793638055878
20.0,38.0,-0.020186476386458953
20.0,39.0,-0.003973846002649946
21.0,5.0,-0.017993873818830206
21.0,6.0,-0.02313027209219407
21.0,7.0,1.0
21.0,8.0,-8.866673811185777e-16
21.0,9.0,1.0
21.0,10.0,1.0
21.0,11.0,0.8530115842763766
21.0,12.0,0.8530115842763766
21.0,13.0,0.6782753531767348
21.0,14.0,0.7081328139774683
21.0,15.0,0.3216509905561327
21.0,16.0,-8.866673811185777e-16
21.0,17.0,0.03577731461892471
21.0,18.0,0.03577731461892471
21.0,19.0,0.03577731461892471
21.0,20.0,0.13583520977285282
21.0,21.0,0.38721997809525266
21.0,22.0,0.1407303989122489
21.0,23.0,1.0
21.0,24.0,1.0
21.0,25.0,1.0
21.0,26.0,0.8530115842763766
21.0,27.0,-8.866673811185777e-16
21.0,28.0,-8.866673811185777e-16
21.0,29.0,0.8530115842763766
21.0,30.0,-8.866673811185777e-16
21.0,31.0,0.6115717324489862
21.0,32.0,0.8530115842763766
21.0,33.0,0.5379340542521829
21.0,34.0,0.7081328139774683
21.0,35.0,0.7081328139774683
21.0,36.0,0.5379340542521829
21.0,37.0,0.45279642180973045
21.0,38.0,0.0016737355340165185
21.0,39.0,-0.017624006378011963
22.0,5.0,-0.017993873818830206
22.0,6.0,-0.02313027209219407
22.0,7.0,1.0
22.0,8.0,-8.866673811185777e-16
22.0,9.0,1.0
22.0,10.0,1.0
22.0,11.0,0.8530115842763766
22.0,12.0,0.8530115842763766
22.0,13.0,0.6782753531767348
22.0,14.0,0.7081328139774683
22.0,15.0,0.3216509905561327
22.0,16.0,-8.866673811185777e-16
22.0,17.0,0.03577731461892471
22.0,18.0,0.03577731461892471
22.0,19.0,0.03577731461892471
22.0,20.0,0.13583520977285282
22.0,21.0,0.38721997809525266
22.0,22.0,0.1407303989122489
22.0,23.0,1.0
22.0,24.0,1.0
22.0,25.0,1.0
22.0,26.0,0.8530115842763766
22.0,27.0,-8.866673811185777e-16
22.0,28.0,-8.866673811185777e-16
22.0,29.0,0.8530115842763766
22.0,30.0,-8.866673811185777e-16
22.0,31.0,0.6115717324489862
22.0,32.0,0.8530115842763766
22.0,33.0,0.5379340542521829
22.0,34.0,0.7081328139774683
22.0,35.0,0.7081328139774683
22.0,36.0,0.5379340542521829
22.0,37.0,0.45279642180973045
22.0,38.0,0.0016737355340165185
22.0,39.0,-0.017624006378011963
23.0,5.0,-0.017993873818830206
23.0,6.0,-0.02313027209219407
23.0,7.0,1.0
23.0,8.0,-8.866673811185777e-16
23.0,9.0,1.0
23.0,10.0,1.0
23.0,11.0,0.8530115842763766
23.0,12.0,0.8530115842763766
23.0,13.0,0.6782753531767348
23.0,14.0,0.7081328139774683
23.0,15.0,0.3216509905561327
23.0,16.0,-8.866673811185777e-16
23.0,17.0,0.03577731461892471
23.0,18.0,0.03577731461892471
23.0,19.0,0.03577731461892471
23.0,20.0,0.13583520977285282
23.0,21.0,0.38721997809525266
23.0,22.0,0.1407303989122489
23.0,23.0,1.0
23.0,24.0,1.0
23.0,25.0,1.0
23.0,26.0,0.8530115842763766
23.0,27.0,-8.866673811185777e-16
23.0,28.0,-8.866673811185777e-16
23.0,29.0,0.8530115842763766
23.0,30.0,-8.866673811185777e-16
23.0,31.0,0.6115717324489862
23.0,32.0,0.8530115842763766
23.0,33.0,0.5379340542521829
23.0,34.0,0.7081328139774683
23.0,35.0,0.7081328139774683
23.0,36.0,0.5379340542521829
23.0,37.0,0.45279642180973045
23.0,38.0,0.0016737355340165185
23.0,39.0,-0.017624006378011963
24.0,5.0,-0.017993873818830206
24.0,6.0,-0.02313027209219407
24.0,7.0,1.0
24.0,8.0,-8.866673811185777e-16
24.0,9.0,1.0
24.0,10.0,1.0
24.0,11.0,0.8530115842763766
24.0,12.0,0.8530115842763766
24.0,13.0,0.6782753531767348
24.0,14.0,0.7081328139774683
24.0,15.0,0.3216509905561327
24.0,16.0,-8.866673811185777e-16
24.0,17.0,0.03577731461892471
24.0,18.0,0.03577731461892471
24.0,19.0,0.03577731461892471
24.0,20.0,0.13583520977285282
24.0,21.0,0.38721997809525266
24.0,22.0,0.1407303989122489
24.0,23.0,1.0
24.0,24.0,1.0
24.0,25.0,1.0
24.0,26.0,0.8530115842763766
24.0,27.0,-8.866673811185777e-16
24.0,28.0,-8.866673811185777e-16
24.0,29.0,0.8530115842763766
24.0,30.0,-8.866673811185777e-16
24.0,31.0,0.6115717324489862
24.0,32.0,0.8530115842763766
24.0,33.0,0.5379340542521829
24.0,34.0,0.7081328139774683
24.0,35.0,0.7081328139774683
24.0,36.0,0.5379340542521829
24.0,37.0,0.45279642180973045
24.0,38.0,0.0016737355340165185
24.0,39.0,-0.017624006378011963
25.0,5.0,-0.017993873818830206
25.0,6.0,-0.02313027209219407
25.0,7.0,1.0
25.0,8.0,-8.866673811185777e-16
25.0,9.0,1.0
25.0,10.0,1.0
25.0,11.0,0.8530115842763766
25.0,12.0,0.8530115842763766
25.0,13.0,0.6782753531767348
25.0,14.0,0.7081328139774683
25.0,15.0,0.3216509905561327
25.0,16.0,-8.866673811185777e-16
25.0,17.0,0.03577731461892471
25.0,18.0,0.03577731461892471
25.0,19.0,0.03577731461892471
25.0,20.0,0.13583520977285282
25.0,21.0,0.38721997809525266
25.0,22.0,0.1407303989122489
25.0,23.0,1.0
25.0,24.0,1.0
25.0,25.0,1.0
25.0,26.0,0.8530115842763766
25.0,27.0,-8.866673811185777e-16
25.0,28.0,-8.866673811185777e-16
25.0,29.0,0.8530115842763766
25.0,30.0,-8.866673811185777e-16
25.0,31.0,0.6115717324489862
25.0,32.0,0.8530115842763766
25.0,33.0,0.5379340542521829
25.0,34.0,0.7081328139774683
25.0,35.0,0.7081328139774683
25.0,36.0,0.5379340542521829
25.0,37.0,0.45279642180973045
25.0,38.0,0.0016737355340165185
25.0,39.0,-0.017624006378011963
26.0,5.0,-0.017993873818830206
26.0,6.0,-0.02313027209219407
26.0,7.0,1.0
26.0,8.0,-8.866673811185777e-16
26.0,9.0,1.0
26.0,10.0,1.0
26.0,11.0,0.8530115842763766
26.0,12.0,0.8530115842763766
26.0,13.0,0.6782753531767348
26.0,14.0,0.7081328139774683
26.0,15.0,0.3216509905561327
26.0,16.0,-8.866673811185777e-16
26.0,17.0,0.03577731461892471
26.0,18.0,0.03577731461892471
26.0,19.0,0.03577731461892471
26.0,20.0,0.13583520977285282
26.0,21.0,0.38721997809525266
26.0,22.0,0.1407303989122489
26.0,23.0,1.0
26.0,24.0,1.0
26.0,25.0,1.0
26.0,26.0,0.8530115842763766
26.0,27.0,-8.866673811185777e-16
26.0,28.0,-8.866673811185777e-16
26.0,29.0,0.8530115842763766
26.0,30.0,-8.866673811185777e-16
26.0,31.0,0.6115717324489862
26.0,32.0,0.8530115842763766
26.0,33.0,0.5379340542521829
26.0,34.0,0.7081328139774683
26.0,35.0,0.7081328139774683
26.0,36.0,0.5379340542521829
26.0,37.0,0.45279642180973045
26.0,38.0,0.0016737355340165185
26.0,39.0,-0.017624006378011963
27.0,5.0,-0.017993873818830206
27.0,6.0,-0.02313027209219407
27.0,7.0,1.0
27.0,8.0,-8.866673811185777e-16
27.0,9.0,1.0
27.0,10.0,1.0
27.0,11.0,0.8530115842763766
27.0,12.0,0.8530115842763766
27.0,13.0,0.6782753531767348
27.0,14.0,0.7081328139774683
27.0,15.0,0.3216509905561327
27.0,16.0,-8.866673811185777e-16
27.0,17.0,0.03577731461892471
27.0,18.0,0.03577731461892471
27.0,19.0,0.03577731461892471
27.0,20.0,0.13583520977285282
27.0,21.0,0.38721997809525266
27.0,22.0,0.1407303989122489
27.0,23.0,1.0
27.0,24.0,1.0
27.0,25.0,1.0
27.0,26.0,0.8530115842763766
27.0,27.0,-8.866673811185777e-16
27.0,28.0,-8.866673811185777e-16
27.0,29.0,0.8530115842763766
27.0,30.0,-8.866673811185777e-16
27.0,31.0,0.6115717324489862
27.0,32.0,0.8530115842763766
27.0,33.0,0.5379340542521829
27.0,34.0,0.7081328139774683
27.0,35.0,0.7081328139774683
27.0,36.0,0.5379340542521829
27.0,37.0,0.45279642180973045
27.0,38.0,0.0016737355340165185
27.0,39.0,-0.017624006378011963
28.0,5.0,-0.017993873818830206
28.0,6.0,-0.02313027209219407
28.0,7.0,1.0
28.0,8.0,-8.866673811185777e-16
28.0,9.0,1.0
28.0,10.0,1.0
28.0,11.0,0.8530115842763766
28.0,12.0,0.8530115842763766
28.0,13.0,0.6782753531767348
28.0,14.0,0.7081328139774683
28.0,15.0,0.3216509905561327
28.0,16.0,-8.866673811185777e-16
28.0,17.0,0.03577731461892471
28.0,18.0,0.03577731461892471
28.0,19.0,0.03577731461892471
28.0,20.0,0.13583520977285282
28.0,21.0,0.38721997809525266
28.0,22.0,0.1407303989122489
28.0,23.0,1.0
28.0,24.0,1.0
28.0,25.0,1.0
28.0,26.0,0.8530115842763766
28.0,27.0,-8.866673811185777e-16
28.0,28.0,-8.866673811185777e-16
28.0,29.0,0.8530115842763766
28.0,30.0,-8.866673811185777e-16
28.0,31.0,0.6115717324489862
28.0,32.0,0.8530115842763766
28.0,33.0,0.5379340542521829
28.0,34.0,0.7081328139774683
28.0,35.0,0.7081328139774683
28.0,36.0,0.5379340542521829
28.0,37.0,0.45279642180973045
28.0,38.0,0.0016737355340165185
28.0,39.0,-0.017624006378011963
29.0,5.0,-0.017993873818830206
29.0,6.0,-0.02313027209219407
29.0,7.0,1.0
29.0,8.0,-8.866673811185777e-16
29.0,9.0,1.0
29.0,10.0,1.0
29.0,11.0,0.8530115842763766
29.0,12.0,0.8530115842763766
29.0,13.0,0.6782753531767348
29.0,14.0,0.7081328139774683
29.0,15.0,0.3216509905561327
29.0,16.0,-8.866673811185777e-16
29.0,17.0,0.03577731461892471
29.0,18.0,0.03577731461892471
29.0,19.0,0.03577731461892471
29.0,20.0,0.13583520977285282
29.0,21.0,0.38721997809525266
29.0,22.0,0.1407303989122489
29.0,23.0,1.0
29.0,24.0,1.0
29.0,25.0,1.0
29.0,26.0,0.8530115842763766
29.0,27.0,-8.866673811185777e-16
29.0,28.0,-8.866673811185777e-16
29.0,29.0,0.8530115842763766
29.0,30.0,-8.866673811185777e-16
29.0,31.0,0.6115717324489862
29.0,32.0,0.8530115842763766
29.0,33.0,0.5379340542521829
29.0,34.0,0.7081328139774683
29.0,35.0,0.7081328139774683
29.0,36.0,0.5379340542521829
29.0,37.0,0.45279642180973045
29.0,38.0,0.0016737355340165185
29.0,39.0,-0.017624006378011963
30.0,5.0,-0.017993873818830206
30.0,6.0,-0.02313027209219407
30.0,7.0,1.0
30.0,8.0,-8.866673811185777e-16
30.0,9.0,1.0
30.0,10.0,1.0
30.0,11.0,0.8530115842763766
30.0,12.0,0.8530115842763766
30.0,13.0,0.6782753531767348
30.0,14.0,0.7081328139774683
30.0,15.0,0.3216509905561327
30.0,16.0,-8.866673811185777e-16
30.0,17.0,0.03577731461892471
30.0,18.0,0.03577731461892471
30.0,19.0,0.03577731461892471
30.0,20.0,0.13583520977285282
30.0,21.0,0.38721997809525266
30.0,22.0,0.1407303989122489
30.0,23.0,1.0
30.0,24.0,1.0
30.0,25.0,1.0
30.0,26.0,0.8530115842763766
30.0,27.0,-8.866673811185777e-16
30.0,28.0,-8.866673811185777e-16
30.0,29.0,0.8530115842763766
30.0,30.0,-8.866673811185777e-16
30.0,31.0,0.6115717324489862
30.0,32.0,0.8530115842763766
30.0,33.0,0.5379340542521829
30.0,34.0,0.7081328139774683
30.0,35.0,0.7081328139774683
30.0,36.0,0.5379340542521829
30.0,37.0,0.45279642180973045
30.0,38.0,0.0016737355340165185
30.0,39.0,-0.017624006378011963
31.0,5.0,-0.017993873818830206
31.0,6.0,-0.02313027209219407
31.0,7.0,1.0
31.0,8.0,-8.866673811185777e-16
31.0,9.0,1.0
31.0,10.0,1.0
31.0,11.0,0.8530115842763766
31.0,12.0,0.8530115842763766
31.0,13.0,0.6782753531767348
31.0,14.0,0.7081328139774683
31.0,15.0,0.3216509905561327
31.0,16.0,-8.866673811185777e-16
31.0,17.0,0.03577731461892471
31.0,18.0,0.03577731461892471
31.0,19.0,0.03577731461892471
31.0,20.0,0.13583520977285282
31.0,21.0,0.38721997809525266
31.0,22.0,0.1407303989122489
31.0,23.0,1.0
31.0,24.0,1.0
31.0,25.0,1.0
31.0,26.0,0.8530115842763766
31.0,27.0,-8.866673811185777e-16
31.0,28.0,-8.866673811185777e-16
31.0,29.0,0.8530115842763766
31.0,30.0,-8.866673811185777e-16
31.0,31.0,0.6115717324489862
31.0,32.0,0.8530115842763766
31.0,33.0,0.5379340542521829
31.0,34.0,0.7081328139774683
31.0,35.0,0.7081328139774683
31.0,36.0,0.5379340542521829
31.0,37.0,0.45279642180973045
31.0,38.0,0.0016737355340165185
31.0,39.0,-0.017624006378011963
32.0,5.0,-0.017993873818830206
32.0,6.0,-0.02313027209219407
32.0,7.0,1.0
32.0,8.0,-8.866673811185777e-16
32.0,9.0,1.0
32.0,10.0,1.0
32.0,11.0,0.8530115842763766
32.0,12.0,0.8530115842763766
32.0,13.0,0.6782753531767348
32.0,14.0,0.7081328139774683
32.0,15.0,0.3216509905561327
32.0,16.0,-8.866673811185777e-16
32.0,17.0,0.03577731461892471
32.0,18.0,0.03577731461892471
32.0,19.0,0.03577731461892471
32.0,20.0,0.13583520977285282
32.0,21.0,0.38721997809525266
32.0,22.0,0.1407303989122489
32.0,23.0,1.0
32.0,24.0,1.0
32.0,25.0,1.0
32.0,26.0,0.8530115842763766
32.0,27.0,-8.866673811185777e-16
32.0,28.0,-8.866673811185777e-16
32.0,29.0,0.8530115842763766
32.0,30.0,-8.866673811185777e-16
32.0,31.0,0.6115717324489862
32.0,32.0,0.8530115842763766
32.0,33.0,0.5379340542521829
32.0,34.0,0.7081328139774683
32.0,35.0,0.7081328139774683
32.0,36.0,0.5379340542521829
32.0,37.0,0.45279642180973045
32.0,38.0,0.0016737355340165185
32.0,39.0,-0.017624006378011963
33.0,5.0,-0.014217239420444526
33.0,6.0,-0.022630139251303544
33.0,7.0,0.8530115842763767
33.0,8.0,-0.0031523725536063718
33.0,9.0,0.8530115842763767
33.0,10.0,0.8530115842763767
33.0,11.0,0.7568007477967069
33.0,12.0,0.7076906080155002
33.0,13.0,0.535951263490803
33.0,14.0,0.6138142858347928
33.0,15.0,0.28565018848372675
33.0,16.0,0.0034842012434593414
33.0,17.0,0.022359555402899228
33.0,18.0,0.022359555402899228
33.0,19.0,0.00928970802072411
33.0,20.0,0.17231361363806505
33.0,21.0,0.3181113956331359
33.0,22.0,0.11204978258041713
33.0,23.0,0.8530115842763767
33.0,24.0,0.8530115842763767
33.0,25.0,0.8530115842763767
33.0,26.0,0.7076906080155001
33.0,27.0,-0.0031523725536063718
33.0,28.0,-0.0031523725536063718
33.0,29.0,0.7568007477967069
33.0,30.0,-0.0031523725536063718
33.0,31.0,0.6764115713172141
33.0,32.0,1.0
33.0,33.0,0.6791957089412759
33.0,34.0,0.8530115842763767
33.0,35.0,0.8530115842763767
33.0,36.0,0.6126795737119773
33.0,37.0,0.41442115153226805
33.0,38.0,0.010752132337789318
33.0,39.0,-0.019528187225918855
34.0,5.0,-0.0002955253285916381
34.0,6.0,-0.02313027209219407
34.0,7.0,0.7081328139774683
34.0,8.0,-8.866673811185777e-16
34.0,9.0,0.7081328139774683
34.0,10.0,0.7081328139774683
34.0,11.0,0.6138142858347927
34.0,12.0,0.6138142858347927
34.0,13.0,0.4735224321207388
34.0,14.0,0.5220465135652654
34.0,15.0,0.2059131250364501
34.0,16.0,-8.866673811185777e-16
34.0,17.0,0.03577731461892471
34.0,18.0,0.03577731461892471
34.0,19.0,-0.00029552532859164075
34.0,20.0,0.13583520977285282
34.0,21.0,0.269489453226201
34.0,22.0,0.07586847548943566
34.0,23.0,0.7081328139774683
34.0,24.0,0.7081328139774683
34.0,25.0,0.7081328139774683
34.0,26.0,0.6138142858347927
34.0,27.0,-8.866673811185777e-16
34.0,28.0,-8.866673811185777e-16
34.0,29.0,0.6138142858347927
34.0,30.0,-8.866673811185777e-16
34.0,31.0,0.6115717324489862
34.0,32.0,0.8530115842763766
34.0,33.0,0.7564420257873863
34.0,34.0,1.0
34.0,35.0,1.0
34.0,36.0,0.7564420257873863
34.0,37.0,0.45279642180973045
34.0,38.0,0.0016737355340165185
34.0,39.0,-0.017624006378011963
35.0,5.0,-0.017993873818830206
35.0,6.0,-0.02313027209219407
35.0,7.0,1.0
35.0,8.0,-8.866673811185777e-16
35.0,9.0,1.0
35.0,10.0,1.0
35.0,11.0,0.8530115842763766
35.0,12.0,0.8530115842763766
35.0,13.0,0.6782753531767348
35.0,14.0,0.7081328139774683
35.0,15.0,0.3216509905561327
35.0,16.0,-8.866673811185777e-16
35.0,17.0,0.03577731461892471
35.0,18.0,0.03577731461892471
35.0,19.0,0.03577731461892471
35.0,20.0,0.13583520977285282
35.0,21.0,0.38721997809525266
35.0,22.0,0.1407303989122489
35.0,23.0,1.0
35.0,24.0,1.0
35.0,25.0,1.0
35.0,26.0,0.8530115842763766
35.0,27.0,-8.866673811185777e-16
35.0,28.0,-8.866673811185777e-16
35.0,29.0,0.8530115842763766
35.0,30.0,-8.866673811185777e-16
35.0,31.0,0.6115717324489862
35.0,32.0,0.8530115842763766
35.0,33.0,0.5379340542521829
35.0,34.0,0.7081328139774683
35.0,35.0,0.7081328139774683
35.0,36.0,0.5379340542521829
35.0,37.0,0.45279642180973045
35.0,38.0,0.0016737355340165185
35.0,39.0,-0.017624006378011963
36.0,5.0,-0.017993873818830206
36.0,6.0,-0.02313027209219407
36.0,7.0,1.0
36.0,8.0,-8.866673811185777e-16
36.0,9.0,1.0
36.0,10.0,1.0
36.0,11.0,0.8530115842763766
36.0,12.0,0.8530115842763766
36.0,13.0,0.6782753531767348
36.0,14.0,0.7081328139774683
36.0,15.0,0.3216509905561327
36.0,16.0,-8.866673811185777e-16
36.0,17.0,0.03577731461892471
36.0,18.0,0.03577731461892471
36.0,19.0,0.03577731461892471
36.0,20.0,0.13583520977285282
36.0,21.0,0.38721997809525266
36.0,22.0,0.1407303989122489
36.0,23.0,1.0
36.0,24.0,1.0
36.0,25.0,1.0
36.0,26.0,0.8530115842763766
36.0,27.0,-8.866673811185777e-16
36.0,28.0,-8.866673811185777e-16
36.0,29.0,0.8530115842763766
36.0,30.0,-8.866673811185777e-16
36.0,31.0,0.6115717324489862
36.0,32.0,0.8530115842763766
36.0,33.0,0.5379340542521829
36.0,34.0,0.7081328139774683
36.0,35.0,0.7081328139774683
36.0,36.0,0.5379340542521829
36.0,37.0,0.45279642180973045
36.0,38.0,0.0016737355340165185
36.0,39.0,-0.017624006378011963
37.0,5.0,-0.017993873818830206
37.0,6.0,-0.02313027209219407
37.0,7.0,1.0
37.0,8.0,-8.866673811185777e-16
37.0,9.0,1.0
37.0,10.0,1.0
37.0,11.0,0.8530115842763766
37.0,12.0,0.8530115842763766
37.0,13.0,0.6782753531767348
37.0,14.0,0.7081328139774683
37.0,15.0,0.3216509905561327
37.0,16.0,-8.866673811185777e-16
37.0,17.0,0.03577731461892471
37.0,18.0,0.03577731461892471
37.0,19.0,0.03577731461892471
37.0,20.0,0.13583520977285282
37.0,21.0,0.38721997809525266
37.0,22.0,0.1407303989122489
37.0,23.0,1.0
37.0,24.0,1.0
37.0,25.0,1.0
37.0,26.0,0.8530115842763766
37.0,27.0,-8.866673811185777e-16
37.0,28.0,-8.866673811185777e-16
37.0,29.0,0.8530115842763766
37.0,30.0,-8.866673811185777e-16
37.0,31.0,0.6115717324489862
37.0,32.0,0.8530115842763766
37.0,33.0,0.5379340542521829
37.0,34.0,0.7081328139774683
37.0,35.0,0.7081328139774683
37.0,36.0,0.5379340542521829
37.0,37.0,0.45279642180973045
37.0,38.0,0.0016737355340165185
37.0,39.0,-0.017624006378011963
38.0,5.0,-0.016034839861102754
38.0,6.0,-0.005185252240641746
38.0,7.0,0.022772493638739802
38.0,8.0,-0.021782351767589078
38.0,9.0,0.022772493638739802
38.0,10.0,0.022772493638739802
38.0,11.0,-0.004558923087483722
38.0,12.0,0.012575924093497398
38.0,13.0,-0.0038736542172691057
38.0,14.0,-0.010679527339600401
38.0,15.0,0.12482916037595247
38.0,16.0,-0.021782351767589078
38.0,17.0,0.07092852435506697
38.0,18.0,0.07092852435506697
38.0,19.0,-0.02238303281232468
38.0,20.0,-0.02093519981600285
38.0,21.0,0.003727086222837853
38.0,22.0,0.14011629532289946
38.0,23.0,0.022772493638739802
38.0,24.0,0.022772493638739802
38.0,25.0,0.022772493638739802
38.0,26.0,0.012575924093497398
38.0,27.0,0.06534705530276638
38.0,28.0,0.06534705530276638
38.0,29.0,0.03446040148160784
38.0,30.0,-0.021782351767589078
38.0,31.0,-0.010286031572298114
38.0,32.0,0.012575924093497398
38.0,33.0,-0.01896109859111577
38.0,34.0,-0.010679527339600401
38.0,35.0,-0.010679527339600401
38.0,36.0,0.0515792193850643
38.0,37.0,0.1782031062715105
38.0,38.0,0.1452200807155765
38.0,39.0,0.21437672907222619
39.0,5.0,-0.016034839861102754
39.0,6.0,-0.005185252240641746
39.0,7.0,0.022772493638739802
39.0,8.0,-0.021782351767589078
39.0,9.0,0.022772493638739802
39.0,10.0,0.022772493638739802
39.0,11.0,-0.004558923087483722
39.0,12.0,0.012575924093497398
39.0,13.0,-0.0038736542172691057
39.0,14.0,-0.010679527339600401
39.0,15.0,0.12482916037595247
39.0,16.0,-0.021782351767589078
39.0,17.0,0.07092852435506697
39.0,18.0,0.07092852435506697
39.0,19.0,-0.02238303281232468
39.0,20.0,-0.02093519981600285
39.0,21.0,0.003727086222837853
39.0,22.0,0.14011629532289946
39.0,23.0,0.022772493638739802
39.0,24.0,0.022772493638739802
39.0,25.0,0.022772493638739802
39.0,26.0,0.012575924093497398
39.0,27.0,0.06534705530276638
39.0,28.0,0.06534705530276638
39.0,29.0,0.03446040148160784
39.0,30.0,-0.021782351767589078
39.0,31.0,-0.010286031572298114
39.0,32.0,0.012575924093497398
39.0,33.0,-0.01896109859111577
39.0,34.0,-0.010679527339600401
39.0,35.0,-0.010679527339600401
39.0,36.0,0.0515792193850643
39.0,37.0,0.1782031062715105
39.0,38.0,0.1452200807155765
39.0,39.0,0.21437672907222619
